source,dataset,attack,model,metric,n,mean_delta_auc,std_delta_auc,ci95_low,ci95_high,privacy_improvement_seed_count,exact_sign_p_one_sided,interpretation
bnci_lee_validation,bnci2014_001,validation:subject-id,bottleneck_eegnet,subject_id_accuracy,4,-0.26832561728395066,0.050598990314385146,-0.34883990217251526,-0.18781133239538605,4,0.0625,directionally-supported
bnci_lee_validation,bnci2014_001,validation:subject-id,adversarial_eegnet,subject_id_accuracy,4,-0.08603395061728397,0.084643572899939,-0.22072076353801898,0.04865286230345103,3,0.3125,promising-but-underpowered
bnci_lee_validation,bnci2014_001,validation:subject-id,csp_lda,subject_id_accuracy,4,-0.005979938271604923,0.03909316957614231,-0.06818589481132756,0.056226018268117704,2,0.6875,unstable-privacy-edge
bnci_lee_validation,bnci2014_001,validation:learned(mlp),csp_lda,attack_auc,4,-0.02152069282502668,0.009398064170541795,-0.03647511012320925,-0.006566275526844106,4,0.0625,directionally-supported
bnci_lee_validation,bnci2014_001,validation:learned(mlp),bottleneck_eegnet,attack_auc,4,0.0007361801745160573,0.02327590461317833,-0.0363009781446631,0.03777333849369521,3,0.3125,practical-tie
bnci_lee_validation,bnci2014_001,validation:learned(mlp),adversarial_eegnet,attack_auc,4,0.012214101318396578,0.032514920864134225,-0.0395243935669405,0.06395259620373366,2,0.6875,no-privacy-improvement
bnci_lee_validation,bnci2014_001,validation:learned,bottleneck_eegnet,attack_auc,4,0.0020189138469745432,0.02153391595062219,-0.03224635178070518,0.03628417947465427,1,0.9375,practical-tie
bnci_lee_validation,bnci2014_001,validation:learned,csp_lda,attack_auc,4,0.021348927373875906,0.030316383223951186,-0.026891203516446728,0.06958905826419853,2,0.6875,no-privacy-improvement
bnci_lee_validation,bnci2014_001,validation:learned,adversarial_eegnet,attack_auc,4,0.03813341859091594,0.035277669865313645,-0.018001226470036748,0.09426806365186863,1,0.9375,no-privacy-improvement
bnci_lee_validation,bnci2014_001,validation:learned+label,bottleneck_eegnet,attack_auc,4,0.00013217306812980667,0.010120093570425424,-0.0159711541280359,0.016235500264295512,2,0.6875,practical-tie
bnci_lee_validation,bnci2014_001,validation:learned+label,csp_lda,attack_auc,4,0.016909817482091097,0.04074915154397492,-0.047931175905204654,0.08175081086938685,2,0.6875,no-privacy-improvement
bnci_lee_validation,bnci2014_001,validation:learned+label,adversarial_eegnet,attack_auc,4,0.02421297487044652,0.03491506571527434,-0.031344686071719516,0.07977063581261255,2,0.6875,no-privacy-improvement
bnci_lee_validation,bnci2014_001,validation:threshold(label-known),csp_lda,attack_auc,4,-0.03866888324474174,0.008987425184363818,-0.05296988228074043,-0.024367884208743057,4,0.0625,directionally-supported
bnci_lee_validation,bnci2014_001,validation:threshold(label-known),adversarial_eegnet,attack_auc,4,-0.0128847903330285,0.021338522757875882,-0.04683914178854163,0.021069561122484627,3,0.3125,promising-but-underpowered
bnci_lee_validation,bnci2014_001,validation:threshold(label-known),bottleneck_eegnet,attack_auc,4,-0.004144101985215698,0.0034306729739042845,-0.009603068250435831,0.0013148642800044344,4,0.0625,practical-tie
bnci_lee_validation,bnci2014_001,validation:threshold(max-prob),csp_lda,attack_auc,4,-0.007612826384125887,0.030938212433475935,-0.05684242630963345,0.04161677354138168,2,0.6875,unstable-privacy-edge
bnci_lee_validation,bnci2014_001,validation:threshold(max-prob),bottleneck_eegnet,attack_auc,4,-0.0008280166418990764,0.007755352452472147,-0.013168513021172692,0.011512479737374539,3,0.3125,practical-tie
bnci_lee_validation,bnci2014_001,validation:threshold(max-prob),adversarial_eegnet,attack_auc,4,0.007114795881915881,0.02312834945846224,-0.029687569258787336,0.0439171610226191,2,0.6875,no-privacy-improvement
bnci_lee_validation,bnci2014_001,validation:threshold(neg-entropy),csp_lda,attack_auc,4,-0.0076131240712163095,0.030937805810803354,-0.05684207696931288,0.04161582882688026,2,0.6875,unstable-privacy-edge
bnci_lee_validation,bnci2014_001,validation:threshold(neg-entropy),bottleneck_eegnet,attack_auc,4,-0.0008289097031702747,0.007755417462151214,-0.013169509527350368,0.011511690121009818,3,0.3125,practical-tie
bnci_lee_validation,bnci2014_001,validation:threshold(neg-entropy),adversarial_eegnet,attack_auc,4,0.0071168052697759415,0.023125600823857815,-0.02968118617990656,0.04391479671945844,2,0.6875,no-privacy-improvement
seed_stability,bnci2014_001,learned+label,bottleneck_eegnet (dim=6),attack_auc,4,-0.0027729552469135943,0.021120907398509154,-0.036381032104231846,0.030835121610404657,2,0.6875,practical-tie
seed_stability,bnci2014_001,learned+label,"adversarial_eegnet (linear_ramp@1.00, ramp=0.40)",attack_auc,4,0.0013864776234567555,0.03509368141164337,-0.05445540075019697,0.05722835599711048,2,0.6875,practical-tie
seed_stability,bnci2014_001,learned+label,csp_lda,attack_auc,4,0.00542836130401235,0.03167911154518628,-0.04498017444182071,0.05583689704984541,1,0.9375,no-privacy-improvement
seed_stability,bnci2014_001,learned+label,adversarial_eegnet (constant@1.00),attack_auc,4,0.023992091049382727,0.005965929068235262,0.014498966588986079,0.03348521550977938,0,1.0,no-privacy-improvement
seed_stability,bnci2014_001,learned,bottleneck_eegnet (dim=6),attack_auc,4,-0.001534167631172853,0.017999140519187325,-0.030174816752962838,0.027106481490617132,2,0.6875,practical-tie
seed_stability,bnci2014_001,learned,csp_lda,attack_auc,4,0.004219714506172825,0.02289311030167391,-0.03220833264184079,0.04064776165418644,1,0.9375,practical-tie
seed_stability,bnci2014_001,learned,"adversarial_eegnet (linear_ramp@1.00, ramp=0.40)",attack_auc,4,0.02517963927469137,0.035044586785134155,-0.030584118592590574,0.08094339714197332,1,0.9375,no-privacy-improvement
seed_stability,bnci2014_001,learned,adversarial_eegnet (constant@1.00),attack_auc,4,0.041240174093364196,0.025586210347605668,0.0005268037998823819,0.08195354438684602,0,1.0,no-privacy-improvement
seed_stability,bnci2014_001,learned(mlp),csp_lda,attack_auc,4,-0.009706850405092574,0.026993913856428162,-0.05266019111386831,0.033246490303683165,3,0.3125,promising-but-underpowered
seed_stability,bnci2014_001,learned(mlp),adversarial_eegnet (constant@1.00),attack_auc,4,0.01309618537808642,0.03349993220365198,-0.04020968235630635,0.06640205311247918,1,0.9375,no-privacy-improvement
seed_stability,bnci2014_001,learned(mlp),bottleneck_eegnet (dim=6),attack_auc,4,0.014277705439814825,0.026220697288133483,-0.027445275163483926,0.056000686043113576,2,0.6875,no-privacy-improvement
seed_stability,bnci2014_001,learned(mlp),"adversarial_eegnet (linear_ramp@1.00, ramp=0.40)",attack_auc,4,0.019689489293981496,0.05592976741421869,-0.06930725153741273,0.10868623012537572,1,0.9375,no-privacy-improvement
seed_stability,bnci2014_001,threshold(label-known),adversarial_eegnet (constant@1.00),attack_auc,4,-0.038672929928626504,0.0142662977814189,-0.06137379326090733,-0.015972066596345674,4,0.0625,directionally-supported
seed_stability,bnci2014_001,threshold(label-known),csp_lda,attack_auc,4,-0.025327329282407413,0.014476095037624937,-0.04836202686612408,-0.002292631698690744,4,0.0625,directionally-supported
seed_stability,bnci2014_001,threshold(label-known),"adversarial_eegnet (linear_ramp@1.00, ramp=0.40)",attack_auc,4,-0.008927333502121909,0.026379214622343633,-0.05090255055771096,0.03304788355346714,3,0.3125,promising-but-underpowered
seed_stability,bnci2014_001,threshold(label-known),bottleneck_eegnet (dim=6),attack_auc,4,0.00860520351080249,0.013585441527407136,-0.013012265586473625,0.030222672608078604,1,0.9375,no-privacy-improvement
seed_stability,bnci2014_001,threshold(max-prob),adversarial_eegnet (constant@1.00),attack_auc,4,-0.024255446445794734,0.03696013124742976,-0.08306726301139686,0.034556370119807396,3,0.3125,promising-but-underpowered
seed_stability,bnci2014_001,threshold(max-prob),csp_lda,attack_auc,4,-0.022222071518132755,0.012968242421389123,-0.04285743910812298,-0.0015867039281425264,4,0.0625,directionally-supported
seed_stability,bnci2014_001,threshold(max-prob),"adversarial_eegnet (linear_ramp@1.00, ramp=0.40)",attack_auc,4,-0.017420262466242287,0.02030380082062043,-0.04972814041864782,0.014887615486163248,3,0.3125,promising-but-underpowered
seed_stability,bnci2014_001,threshold(max-prob),bottleneck_eegnet (dim=6),attack_auc,4,0.0048820589795524755,0.015441794621658156,-0.019689282140774724,0.029453400099879675,2,0.6875,practical-tie
seed_stability,bnci2014_001,threshold(neg-entropy),adversarial_eegnet (constant@1.00),attack_auc,4,-0.0242716471354167,0.036959726768345545,-0.08308282008453527,0.03453952581370188,3,0.3125,promising-but-underpowered
seed_stability,bnci2014_001,threshold(neg-entropy),csp_lda,attack_auc,4,-0.02221981095679018,0.01296911441041107,-0.04285656607590098,-0.0015830558376793806,4,0.0625,directionally-supported
seed_stability,bnci2014_001,threshold(neg-entropy),"adversarial_eegnet (linear_ramp@1.00, ramp=0.40)",attack_auc,4,-0.01740067093460651,0.02028661133406728,-0.049681196578026644,0.014879854708813624,3,0.3125,promising-but-underpowered
seed_stability,bnci2014_001,threshold(neg-entropy),bottleneck_eegnet (dim=6),attack_auc,4,0.0048831892602237414,0.015444026925693348,-0.019691703953967993,0.029458082474415476,2,0.6875,practical-tie
bnci_lee_validation,lee2019_mi,validation:subject-id,bottleneck_eegnet,subject_id_accuracy,4,-0.23395833333333332,0.057459224672806015,-0.32538878196556825,-0.1425278847010984,4,0.0625,directionally-supported
bnci_lee_validation,lee2019_mi,validation:subject-id,csp_lda,subject_id_accuracy,4,-0.03395833333333334,0.040135044029616575,-0.09782214462557058,0.0299054779589039,3,0.3125,promising-but-underpowered
bnci_lee_validation,lee2019_mi,validation:subject-id,adversarial_eegnet,subject_id_accuracy,4,-0.014583333333333337,0.13904019536064355,-0.23582731133907442,0.20666064467240775,3,0.3125,promising-but-underpowered
bnci_lee_validation,lee2019_mi,validation:learned(mlp),adversarial_eegnet,attack_auc,4,-0.011977430555555543,0.015977108768406138,-0.037400575940125,0.013445714829013914,4,0.0625,promising-but-underpowered
bnci_lee_validation,lee2019_mi,validation:learned(mlp),csp_lda,attack_auc,4,-0.0005666666666666181,0.048422748231552244,-0.07761806476727337,0.07648473143394013,2,0.6875,practical-tie
bnci_lee_validation,lee2019_mi,validation:learned(mlp),bottleneck_eegnet,attack_auc,4,0.0011350694444444975,0.010395429176129109,-0.015406378142263658,0.017676517031152653,2,0.6875,practical-tie
bnci_lee_validation,lee2019_mi,validation:learned,adversarial_eegnet,attack_auc,4,-0.003367361111111078,0.023970229346694353,-0.041509345021713,0.03477462279949085,3,0.3125,practical-tie
bnci_lee_validation,lee2019_mi,validation:learned,bottleneck_eegnet,attack_auc,4,-0.0018701388888888865,0.011428950851538064,-0.020056150094265257,0.016315872316487484,3,0.3125,practical-tie
bnci_lee_validation,lee2019_mi,validation:learned,csp_lda,attack_auc,4,0.014076388888888888,0.03083964987851879,-0.0349963760171873,0.06314915379496508,1,0.9375,no-privacy-improvement
bnci_lee_validation,lee2019_mi,validation:learned+label,bottleneck_eegnet,attack_auc,4,-0.003995138888888861,0.007124515857856437,-0.01533183347327604,0.007341555695498318,3,0.3125,practical-tie
bnci_lee_validation,lee2019_mi,validation:learned+label,adversarial_eegnet,attack_auc,4,0.0014020833333333038,0.019716674281616758,-0.029971545276678946,0.032775711943345553,2,0.6875,practical-tie
bnci_lee_validation,lee2019_mi,validation:learned+label,csp_lda,attack_auc,4,0.009534027777777745,0.020938069981800117,-0.02378311394890381,0.0428511695044593,1,0.9375,no-privacy-improvement
bnci_lee_validation,lee2019_mi,validation:threshold(label-known),csp_lda,attack_auc,4,-0.06208107638888885,0.02172217438198495,-0.09664590319123309,-0.02751624958654461,4,0.0625,directionally-supported
bnci_lee_validation,lee2019_mi,validation:threshold(label-known),adversarial_eegnet,attack_auc,4,-0.023393576388888893,0.016243252886381915,-0.04924021645592093,0.0024530636781431407,4,0.0625,promising-but-underpowered
bnci_lee_validation,lee2019_mi,validation:threshold(label-known),bottleneck_eegnet,attack_auc,4,0.014480902777777777,0.04104911102249984,-0.05083739307660129,0.07979919863215684,2,0.6875,no-privacy-improvement
bnci_lee_validation,lee2019_mi,validation:threshold(max-prob),csp_lda,attack_auc,4,-0.05400251736111117,0.016458594630326874,-0.08019181419683875,-0.027813220525383583,4,0.0625,directionally-supported
bnci_lee_validation,lee2019_mi,validation:threshold(max-prob),adversarial_eegnet,attack_auc,4,-0.005375347222222215,0.014704881042554997,-0.028774094393984092,0.01802339994953966,2,0.6875,unstable-privacy-edge
bnci_lee_validation,lee2019_mi,validation:threshold(max-prob),bottleneck_eegnet,attack_auc,4,0.01759843749999998,0.008774422149722216,0.003636373824306047,0.031560501175693915,0,1.0,no-privacy-improvement
bnci_lee_validation,lee2019_mi,validation:threshold(neg-entropy),csp_lda,attack_auc,4,-0.054002517361111155,0.016457327443219646,-0.08018979781937499,-0.02781523690284732,4,0.0625,directionally-supported
bnci_lee_validation,lee2019_mi,validation:threshold(neg-entropy),adversarial_eegnet,attack_auc,4,-0.005374218749999993,0.014705057091196433,-0.02877324605443611,0.018024808554436125,2,0.6875,unstable-privacy-edge
bnci_lee_validation,lee2019_mi,validation:threshold(neg-entropy),bottleneck_eegnet,attack_auc,4,0.017599392361111105,0.008773555908151135,0.0036387070690608574,0.03156007765316135,0,1.0,no-privacy-improvement
seed_stability,lee2019_mi,learned+label,bottleneck_eegnet (dim=6),attack_auc,4,0.005463888888888976,0.05007758538121787,-0.07422072439811804,0.085148502175896,2,0.6875,no-privacy-improvement
seed_stability,lee2019_mi,learned+label,"adversarial_eegnet (linear_ramp@1.00, ramp=0.40)",attack_auc,4,0.010569444444444479,0.021644914769777795,-0.023872445074191576,0.04501133396308053,1,0.9375,no-privacy-improvement
seed_stability,lee2019_mi,learned+label,adversarial_eegnet (constant@1.00),attack_auc,4,0.01617777777777782,0.022027395961381882,-0.01887272466838881,0.05122828022394445,1,0.9375,no-privacy-improvement
seed_stability,lee2019_mi,learned+label,csp_lda,attack_auc,4,0.017561111111111152,0.07459299192581323,-0.10113298466609043,0.13625520688831272,2,0.6875,no-privacy-improvement
seed_stability,lee2019_mi,learned,bottleneck_eegnet (dim=6),attack_auc,4,0.003865277777777801,0.05831337195943858,-0.08892430979271332,0.09665486534826892,2,0.6875,practical-tie
seed_stability,lee2019_mi,learned,csp_lda,attack_auc,4,0.006972222222222213,0.054203379771014526,-0.07927745062087026,0.09322189506531468,2,0.6875,no-privacy-improvement
seed_stability,lee2019_mi,learned,"adversarial_eegnet (linear_ramp@1.00, ramp=0.40)",attack_auc,4,0.01670277777777772,0.023884851295312263,-0.021303350600737556,0.054708906156292994,1,0.9375,no-privacy-improvement
seed_stability,lee2019_mi,learned,adversarial_eegnet (constant@1.00),attack_auc,4,0.020583333333333273,0.024188597966912806,-0.017906123781570776,0.05907279044823732,1,0.9375,no-privacy-improvement
seed_stability,lee2019_mi,learned(mlp),adversarial_eegnet (constant@1.00),attack_auc,4,-0.01665416666666672,0.02860245189891304,-0.06216705035055004,0.028858717017216602,3,0.3125,promising-but-underpowered
seed_stability,lee2019_mi,learned(mlp),bottleneck_eegnet (dim=6),attack_auc,4,-0.015044444444444499,0.08788202026351416,-0.15488434978871318,0.12479546089982418,2,0.6875,unstable-privacy-edge
seed_stability,lee2019_mi,learned(mlp),"adversarial_eegnet (linear_ramp@1.00, ramp=0.40)",attack_auc,4,-0.0024750000000000327,0.033816831255037656,-0.05628512484200802,0.05133512484200795,2,0.6875,practical-tie
seed_stability,lee2019_mi,learned(mlp),csp_lda,attack_auc,4,0.017212499999999936,0.06618919484242798,-0.08810927928801263,0.1225342792880125,2,0.6875,no-privacy-improvement
seed_stability,lee2019_mi,threshold(label-known),csp_lda,attack_auc,4,-0.062482638888888886,0.029037160044529966,-0.10868724023871999,-0.01627803753905778,4,0.0625,directionally-supported
seed_stability,lee2019_mi,threshold(label-known),bottleneck_eegnet (dim=6),attack_auc,4,-0.027680208333333345,0.023618896493544882,-0.06526314327372001,0.009902726607053325,4,0.0625,promising-but-underpowered
seed_stability,lee2019_mi,threshold(label-known),adversarial_eegnet (constant@1.00),attack_auc,4,-0.02655972222222225,0.014303482679737425,-0.04931975502563615,-0.0037996894188083406,4,0.0625,directionally-supported
seed_stability,lee2019_mi,threshold(label-known),"adversarial_eegnet (linear_ramp@1.00, ramp=0.40)",attack_auc,4,-0.021139583333333406,0.010459452715413303,-0.03778290665806466,-0.004496260008602149,4,0.0625,directionally-supported
seed_stability,lee2019_mi,threshold(max-prob),csp_lda,attack_auc,4,-0.0708451388888889,0.035723261542754695,-0.12768881974361043,-0.014001458034167358,4,0.0625,directionally-supported
seed_stability,lee2019_mi,threshold(max-prob),adversarial_eegnet (constant@1.00),attack_auc,4,-0.01504027777777775,0.026743032750021545,-0.0575944106614788,0.0275138551059233,3,0.3125,promising-but-underpowered
seed_stability,lee2019_mi,threshold(max-prob),bottleneck_eegnet (dim=6),attack_auc,4,-0.0065770833333333445,0.05819844508590128,-0.09918379660179114,0.08602962993512445,3,0.3125,promising-but-underpowered
seed_stability,lee2019_mi,threshold(max-prob),"adversarial_eegnet (linear_ramp@1.00, ramp=0.40)",attack_auc,4,-0.0027142361111111013,0.036106268449772334,-0.060167366423900956,0.05473889420167875,3,0.3125,practical-tie
seed_stability,lee2019_mi,threshold(neg-entropy),csp_lda,attack_auc,4,-0.07085138888888892,0.03572347261434102,-0.1276954056056055,-0.014007372172172357,4,0.0625,directionally-supported
seed_stability,lee2019_mi,threshold(neg-entropy),adversarial_eegnet (constant@1.00),attack_auc,4,-0.015046527777777804,0.02674703380779691,-0.057607027237246075,0.027513971681690466,3,0.3125,promising-but-underpowered
seed_stability,lee2019_mi,threshold(neg-entropy),bottleneck_eegnet (dim=6),attack_auc,4,-0.006576736111111134,0.05820222810333068,-0.09918946900448944,0.08603599678226717,3,0.3125,promising-but-underpowered
seed_stability,lee2019_mi,threshold(neg-entropy),"adversarial_eegnet (linear_ramp@1.00, ramp=0.40)",attack_auc,4,-0.002719444444444455,0.0361054796712942,-0.06017131963465759,0.05473243074576868,3,0.3125,practical-tie
seed_stability,physionet_motor_imagery,learned+label,"adversarial_eegnet (linear_ramp@1.00, ramp=0.40)",attack_auc,4,-0.024537722908093265,0.02908622705472574,-0.0708204008205788,0.02174495500439228,3,0.3125,promising-but-underpowered
seed_stability,physionet_motor_imagery,learned+label,mixup_eegnet (alpha=0.20),attack_auc,4,-0.012286694101508885,0.0321929076818809,-0.0635127941557885,0.03893940595277073,2,0.6875,unstable-privacy-edge
seed_stability,physionet_motor_imagery,learned+label,confidence_penalty_eegnet (beta=0.025),attack_auc,4,-0.0021563786008230584,0.002336207436834264,-0.005873805963688469,0.0015610487620423522,4,0.0625,practical-tie
seed_stability,physionet_motor_imagery,learned+label,csp_lda,attack_auc,4,0.07557475994513037,0.07065591785547254,-0.036854572417678116,0.18800409230793885,1,0.9375,no-privacy-improvement
seed_stability,physionet_motor_imagery,learned,"adversarial_eegnet (linear_ramp@1.00, ramp=0.40)",attack_auc,4,-0.025285322359396373,0.03616729676480778,-0.08283556234003736,0.03226491762124462,3,0.3125,promising-but-underpowered
seed_stability,physionet_motor_imagery,learned,mixup_eegnet (alpha=0.20),attack_auc,4,-0.009227709190672076,0.04441165265021175,-0.07989655913478928,0.06144114075344513,1,0.9375,unstable-privacy-edge
seed_stability,physionet_motor_imagery,learned,confidence_penalty_eegnet (beta=0.025),attack_auc,4,-0.0005212620027434389,0.0005913889790296588,-0.0014622938383928238,0.000419769832905946,3,0.3125,practical-tie
seed_stability,physionet_motor_imagery,learned,csp_lda,attack_auc,4,0.07735390946502065,0.06782323799953051,-0.030567997126989904,0.1852758160570312,1,0.9375,no-privacy-improvement
seed_stability,physionet_motor_imagery,learned(mlp),mixup_eegnet (alpha=0.20),attack_auc,4,0.0022949245541838,0.059374761714996116,-0.09218357096932765,0.09677342007769525,2,0.6875,practical-tie
seed_stability,physionet_motor_imagery,learned(mlp),confidence_penalty_eegnet (beta=0.025),attack_auc,4,0.004303840877914938,0.07020184125824096,-0.10740295429030569,0.11601063604613557,2,0.6875,practical-tie
seed_stability,physionet_motor_imagery,learned(mlp),"adversarial_eegnet (linear_ramp@1.00, ramp=0.40)",attack_auc,4,0.005188614540466374,0.030258659125202488,-0.04295966442746193,0.05333689350839468,3,0.3125,no-privacy-improvement
seed_stability,physionet_motor_imagery,learned(mlp),csp_lda,attack_auc,4,0.007528806584362113,0.11797333248090924,-0.18019309145360865,0.19525070462233288,2,0.6875,no-privacy-improvement
seed_stability,physionet_motor_imagery,threshold(label-known),"adversarial_eegnet (linear_ramp@1.00, ramp=0.40)",attack_auc,4,-0.1014831961591221,0.028295537013971445,-0.14650770977219585,-0.05645868254604834,4,0.0625,directionally-supported
seed_stability,physionet_motor_imagery,threshold(label-known),csp_lda,attack_auc,4,-0.09741152263374488,0.02443277381917069,-0.1362895180180778,-0.05853352724941196,4,0.0625,directionally-supported
seed_stability,physionet_motor_imagery,threshold(label-known),mixup_eegnet (alpha=0.20),attack_auc,4,-0.0028511659807956558,0.011507949210357693,-0.021162881203746552,0.01546054924215524,2,0.6875,practical-tie
seed_stability,physionet_motor_imagery,threshold(label-known),confidence_penalty_eegnet (beta=0.025),attack_auc,4,0.0003062414266118141,0.0011103800510073392,-0.001460621018783015,0.002073103872006643,1,0.9375,practical-tie
seed_stability,physionet_motor_imagery,threshold(max-prob),csp_lda,attack_auc,4,-0.09730675582990396,0.09163662641057173,-0.24312107740442312,0.04850756574461519,3,0.3125,promising-but-underpowered
seed_stability,physionet_motor_imagery,threshold(max-prob),"adversarial_eegnet (linear_ramp@1.00, ramp=0.40)",attack_auc,4,-0.049573902606310005,0.036973637498550656,-0.1084072106314011,0.009259405418781098,4,0.0625,promising-but-underpowered
seed_stability,physionet_motor_imagery,threshold(max-prob),mixup_eegnet (alpha=0.20),attack_auc,4,-0.022730281207132982,0.01672871240765643,-0.049349395704087584,0.003888833289821623,3,0.3125,promising-but-underpowered
seed_stability,physionet_motor_imagery,threshold(max-prob),confidence_penalty_eegnet (beta=0.025),attack_auc,4,0.001065329218107064,0.004685937225967431,-0.0063910425876799555,0.008521701023894084,1,0.9375,practical-tie
seed_stability,physionet_motor_imagery,threshold(neg-entropy),csp_lda,attack_auc,4,-0.0973070987654321,0.09163589695057794,-0.24312025960632022,0.048506062075456005,3,0.3125,promising-but-underpowered
seed_stability,physionet_motor_imagery,threshold(neg-entropy),"adversarial_eegnet (linear_ramp@1.00, ramp=0.40)",attack_auc,4,-0.04956670096021948,0.03697875413162275,-0.10840815069031848,0.009274748769879514,4,0.0625,promising-but-underpowered
seed_stability,physionet_motor_imagery,threshold(neg-entropy),mixup_eegnet (alpha=0.20),attack_auc,4,-0.022731310013717393,0.01672896163744636,-0.04935082109088407,0.003888201063449278,3,0.3125,promising-but-underpowered
seed_stability,physionet_motor_imagery,threshold(neg-entropy),confidence_penalty_eegnet (beta=0.025),attack_auc,4,0.001064814814814824,0.004685287631305818,-0.006390523340906804,0.008520152970536453,1,0.9375,practical-tie
